{
  "config": {
    "host": "127.0.0.1",
    "port": 8000,
    "meta": "zhaochenyang20/seed-tts-eval-arrow",
    "lang": "zh",
    "model_path": "FunAudioLLM/Fun-ASR-Nano-2512-hf",
    "num_samples": 2020,
    "concurrencies": [
      1
    ],
    "repeats": 1,
    "warmup": false
  },
  "results": [
    {
      "concurrency": 1,
      "repeats": 1,
      "evaluated": 2020,
      "total": 2020,
      "skipped": 0,
      "corpus_wer": {
        "mean": 0.013724902607132154,
        "min": 0.013724902607132154,
        "max": 0.013724902607132154
      },
      "per_sample_wer_max": {
        "mean": 0.8333333333333334,
        "min": 0.8333333333333334,
        "max": 0.8333333333333334
      },
      "wall_clock_s": {
        "mean": 136.91507669491693,
        "min": 136.91507669491693,
        "max": 136.91507669491693
      },
      "throughput_samples_per_s": {
        "mean": 14.75367102558833,
        "min": 14.75367102558833,
        "max": 14.75367102558833
      },
      "latency_mean_s": {
        "mean": 0.06752226415048768,
        "min": 0.06752226415048768,
        "max": 0.06752226415048768
      },
      "latency_p95_s": {
        "mean": 0.09089734638109803,
        "min": 0.09089734638109803,
        "max": 0.09089734638109803
      },
      "latency_p99_s": {
        "mean": 0.09845702723599967,
        "min": 0.09845702723599967,
        "max": 0.09845702723599967
      },
      "rtf_mean": {
        "mean": 0.01459200545011024,
        "min": 0.01459200545011024,
        "max": 0.01459200545011024
      },
      "rtf_p95": {
        "mean": 0.0202,
        "min": 0.0202,
        "max": 0.0202
      },
      "per_repeat": [
        {
          "concurrency": 1,
          "repeat": 1,
          "evaluated": 2020,
          "total": 2020,
          "skipped": 0,
          "corpus_wer": 0.013724902607132154,
          "per_sample_wer_max": 0.8333333333333334,
          "wall_clock_s": 136.91507669491693,
          "throughput_samples_per_s": 14.75367102558833,
          "latency_mean_s": 0.06752226415048768,
          "latency_p95_s": 0.09089734638109803,
          "latency_p99_s": 0.09845702723599967,
          "rtf_mean": 0.01459200545011024,
          "rtf_p95": 0.0202,
          "worker": {}
        }
      ]
    }
  ]
}