{
  "config": {
    "host": "127.0.0.1",
    "port": 8000,
    "meta": "zhaochenyang20/seed-tts-eval-arrow",
    "lang": "en",
    "model_path": "FunAudioLLM/Fun-ASR-Nano-2512-hf",
    "num_samples": 20,
    "concurrencies": [
      2
    ],
    "repeats": 1,
    "warmup": false
  },
  "results": [
    {
      "concurrency": 2,
      "repeats": 1,
      "evaluated": 20,
      "total": 20,
      "skipped": 0,
      "corpus_wer": {
        "mean": 0.0,
        "min": 0.0,
        "max": 0.0
      },
      "per_sample_wer_max": {
        "mean": 0.0,
        "min": 0.0,
        "max": 0.0
      },
      "wall_clock_s": {
        "mean": 2.6054425458423793,
        "min": 2.6054425458423793,
        "max": 2.6054425458423793
      },
      "throughput_samples_per_s": {
        "mean": 7.6762391218009745,
        "min": 7.6762391218009745,
        "max": 7.6762391218009745
      },
      "latency_mean_s": {
        "mean": 0.26014990946277977,
        "min": 0.26014990946277977,
        "max": 0.26014990946277977
      },
      "latency_p95_s": {
        "mean": 1.176063329493627,
        "min": 1.176063329493627,
        "max": 1.176063329493627
      },
      "latency_p99_s": {
        "mean": 1.176483384249732,
        "min": 1.176483384249732,
        "max": 1.176483384249732
      },
      "rtf_mean": {
        "mean": 0.05770033362554612,
        "min": 0.05770033362554612,
        "max": 0.05770033362554612
      },
      "rtf_p95": {
        "mean": 0.3012,
        "min": 0.3012,
        "max": 0.3012
      },
      "per_repeat": [
        {
          "concurrency": 2,
          "repeat": 1,
          "evaluated": 20,
          "total": 20,
          "skipped": 0,
          "corpus_wer": 0.0,
          "per_sample_wer_max": 0.0,
          "wall_clock_s": 2.6054425458423793,
          "throughput_samples_per_s": 7.6762391218009745,
          "latency_mean_s": 0.26014990946277977,
          "latency_p95_s": 1.176063329493627,
          "latency_p99_s": 1.176483384249732,
          "rtf_mean": 0.05770033362554612,
          "rtf_p95": 0.3012,
          "worker": {}
        }
      ]
    }
  ]
}