{
  "config": {
    "host": "127.0.0.1",
    "port": 8000,
    "meta": "zhaochenyang20/seed-tts-eval-arrow",
    "lang": "zh",
    "model_path": "FunAudioLLM/Fun-ASR-Nano-2512-hf",
    "num_samples": 2020,
    "concurrencies": [
      1
    ],
    "repeats": 1,
    "warmup": false
  },
  "results": [
    {
      "concurrency": 1,
      "repeats": 1,
      "evaluated": 2020,
      "total": 2020,
      "skipped": 0,
      "corpus_wer": {
        "mean": 0.014144441114773748,
        "min": 0.014144441114773748,
        "max": 0.014144441114773748
      },
      "per_sample_wer_max": {
        "mean": 0.8333333333333334,
        "min": 0.8333333333333334,
        "max": 0.8333333333333334
      },
      "wall_clock_s": {
        "mean": 85.13475268892944,
        "min": 85.13475268892944,
        "max": 85.13475268892944
      },
      "throughput_samples_per_s": {
        "mean": 23.727090714420694,
        "min": 23.727090714420694,
        "max": 23.727090714420694
      },
      "latency_mean_s": {
        "mean": 0.042014946554566154,
        "min": 0.042014946554566154,
        "max": 0.042014946554566154
      },
      "latency_p95_s": {
        "mean": 0.05203725155442953,
        "min": 0.05203725155442953,
        "max": 0.05203725155442953
      },
      "latency_p99_s": {
        "mean": 0.05571426611393689,
        "min": 0.05571426611393689,
        "max": 0.05571426611393689
      },
      "rtf_mean": {
        "mean": 0.009067049759813144,
        "min": 0.009067049759813144,
        "max": 0.009067049759813144
      },
      "rtf_p95": {
        "mean": 0.0111,
        "min": 0.0111,
        "max": 0.0111
      },
      "per_repeat": [
        {
          "concurrency": 1,
          "repeat": 1,
          "evaluated": 2020,
          "total": 2020,
          "skipped": 0,
          "corpus_wer": 0.014144441114773748,
          "per_sample_wer_max": 0.8333333333333334,
          "wall_clock_s": 85.13475268892944,
          "throughput_samples_per_s": 23.727090714420694,
          "latency_mean_s": 0.042014946554566154,
          "latency_p95_s": 0.05203725155442953,
          "latency_p99_s": 0.05571426611393689,
          "rtf_mean": 0.009067049759813144,
          "rtf_p95": 0.0111,
          "worker": {}
        }
      ]
    }
  ]
}